Date,Open,High,Low,Adj Close,Volume,Close
2023-04-06,37.700199127197266,37.700199127197266,37.25138723282587,37.700199127197266,16337101,37.700199127197266
2023-04-07,37.7899613808317,38.05925126565268,37.70020036866679,37.92460632324219,17275200,37.92460632324219
2023-04-10,38.059251912082956,38.28365787046985,38.059251912082956,38.19389343261719,10745497,38.19389343261719
2023-04-11,38.238773143900495,38.28365707397461,38.01436719018239,38.28365707397461,13788419,38.28365707397461
2023-04-12,38.373418732516896,38.55294418334961,38.32853822584951,38.55294418334961,12966061,38.55294418334961
2023-04-13,38.463179300851095,38.463179300851095,38.14901233365099,38.238773345947266,16429265,38.238773345947266
2023-04-14,38.28365575934283,38.77734815573702,38.193891326440166,38.73246765136719,17304460,38.73246765136719
2023-04-17,38.77735137939453,38.77735137939453,38.597825922827795,38.77735137939453,9823221,38.77735137939453
2023-04-18,38.732467852105295,38.867109365912604,38.373416966959766,38.687583923339844,10519946,38.687583923339844
2023-04-19,38.68758385647183,38.777348289684575,38.283655891585035,38.373416900634766,11476745,38.373416900634766
2023-04-20,38.28365771918212,38.55294418334961,38.19389328168418,38.55294418334961,9960746,38.55294418334961
2023-04-21,38.597823442770476,38.597823442770476,38.01436660245872,38.32853698730469,12319165,38.32853698730469
2023-04-24,38.328537579885605,38.328537579885605,38.0592511202565,38.28365707397461,6130617,38.28365707397461
2023-04-25,38.32853778240668,38.597824243458646,38.14901233365099,38.238773345947266,12719409,38.238773345947266
2023-04-26,38.23877209747948,38.37341703569098,37.70019919295956,38.014366149902344,15893174,38.014366149902344
2023-04-27,37.83484531107728,38.104131771735126,37.70020036866679,37.92460632324219,12118445,37.92460632324219
2023-04-28,37.745078912935675,38.37341623792136,37.7001984091859,38.104129791259766,18216849,38.104129791259766
2023-05-02,38.10412920153467,38.149009704589844,37.610436819601965,38.149009704589844,16420228,38.149009704589844
2023-05-03,38.05924987792969,38.1041303823757,37.7899600029276,38.05924987792969,10605485,38.05924987792969
2023-05-04,38.01436477126143,38.149009704589844,37.78995883182266,38.149009704589844,9481638,38.149009704589844
2023-05-05,38.1490121320785,38.28365707397461,38.01436719018239,38.28365707397461,7100017,38.28365707397461
2023-05-08,38.41830185194548,38.64270782470703,38.28366032278659,38.64270782470703,15192178,38.64270782470703
2023-05-09,38.68758379016272,39.046634674072266,38.597822781266835,39.046634674072266,18349309,39.046634674072266
2023-05-10,39.04663926051051,39.04663926051051,38.41830185194548,38.64270782470703,14564134,38.64270782470703
2023-05-11,38.91198777843791,39.226158142089844,38.822226774058976,39.226158142089844,28023936,39.226158142089844
2023-05-12,39.09151645286193,39.09151645286193,38.28365707397461,38.28365707397461,29438019,38.28365707397461
2023-05-15,38.328537692501264,39.00175555563362,38.059251232080946,38.911991119384766,18152104,38.911991119384766
2023-05-16,39.04663349454805,39.27103943417188,38.822227554924204,39.13639450073242,18751956,39.13639450073242
2023-05-17,39.136394964441195,39.49544584175872,38.95687294994537,39.450565338134766,25528000,39.450565338134766
2023-05-18,39.495448911668625,39.89938032400697,39.45056840455619,39.85449981689453,29543448,39.85449981689453
2023-05-19,40.034021740893685,40.57259809732737,39.989141233898344,40.52771759033203,41659765,40.52771759033203
2023-05-22,40.52771759033203,40.84188456346262,40.482833659173494,40.52771759033203,17778147,40.52771759033203
2023-05-23,40.5277171467851,40.75212310346904,40.123785739921374,40.21354675292969,19972619,40.21354675292969
2023-05-24,39.80961534606596,40.258427259433844,39.80961534606596,40.21354675292969,17478431,40.21354675292969
2023-05-25,39.89937988072907,40.123785837961336,39.495448472878365,39.54032897949219,20369273,39.54032897949219
2023-05-26,39.40568542480469,39.71985237904152,39.27104048775291,39.40568542480469,20704856,39.40568542480469
2023-05-29,39.85449608040625,40.84188084096216,39.85449608040625,40.168663024902344,37145398,40.168663024902344
2023-05-30,40.39307154966205,40.482832561218274,39.89937913777657,39.94425964355469,23260588,39.94425964355469
2023-05-31,39.98914213976042,40.348193052183014,39.76473617553711,39.76473617553711,80393531,39.76473617553711
2023-06-01,39.9442609873685,40.123786440683695,39.315923612846916,39.49544906616211,20928655,39.49544906616211
2023-06-02,39.63008947844296,39.899375915527344,39.54032504997295,39.899375915527344,17058006,39.899375915527344
2023-06-05,40.03402057061878,41.02140881646893,39.989140064935384,40.61747741699219,32917974,40.61747741699219
2023-06-06,40.61747741699219,40.79700286388886,40.43795197009552,40.61747741699219,13731614,40.61747741699219
2023-06-07,40.75212478637695,40.841885803092055,40.39307387118995,40.75212478637695,23312321,40.75212478637695
2023-06-08,40.79700174251305,40.79700174251305,39.67497201045363,40.034019470214844,34071418,40.034019470214844
2023-06-09,40.25842541662673,40.25842541662673,39.854497452415735,40.034019470214844,21635659,40.034019470214844
2023-06-12,40.123785837961336,40.258427357802795,39.495448472878365,39.54032897949219,21800246,39.54032897949219
2023-06-13,39.67496950552015,39.85449493614768,39.45056357327645,39.585205078125,23638511,39.585205078125
2023-06-14,39.63009150600386,40.21354491217695,39.63009150600386,40.034019470214844,16789455,40.034019470214844
2023-06-15,40.03401821353765,40.07890214074151,39.67497076504702,39.80961227416992,12119675,39.80961227416992
2023-06-16,39.76473288333778,39.809613387634045,39.40568542480469,39.40568542480469,24570934,39.40568542480469
2023-06-19,39.49544643339721,39.58520744198974,39.18127947916039,39.40568542480469,16692295,39.40568542480469
2023-06-20,39.49544532872026,39.80961227416992,39.40568432263832,39.80961227416992,10247909,39.80961227416992
2023-06-21,39.71985487139402,39.94426083111941,39.5852099258935,39.85449981689453,11590110,39.85449981689453
2023-06-26,39.71985443011063,39.76473493672445,39.495448472878365,39.54032897949219,17185863,39.54032897949219
2023-06-27,39.54032818526186,39.76473413798658,39.40568666812489,39.63009262084961,16924994,39.63009262084961
2023-06-28,39.859165751518056,40.08824141675667,39.767536883589514,39.996612548828125,15068336,39.996612548828125
2023-06-29,40.08824069068871,40.1340551238232,39.76753616333008,39.76753616333008,15716145,39.76753616333008
2023-06-30,39.76753543472465,39.95079316390503,39.53845977783203,39.53845977783203,15881738,39.53845977783203
2023-07-03,39.58427445515512,39.76753568088703,39.53846002257643,39.6759033203125,8134440,39.6759033203125
2023-07-04,39.67590642575211,39.7217208619167,39.44683074951172,39.44683074951172,11577180,39.44683074951172
2023-07-05,39.4926457376621,39.813353786131614,39.4926457376621,39.58427810668945,9733788,39.58427810668945
2023-07-06,39.58427215473596,39.58427215473596,38.759598434576425,38.9428596496582,26912105,38.9428596496582
2023-07-07,38.71378707885742,38.80541594596593,38.530525849223174,38.71378707885742,16602621,38.71378707885742
2023-07-10,38.713788350228015,39.40101536236224,38.713788350228015,39.0803108215332,14095730,39.0803108215332
2023-07-11,39.58427525650418,40.13405544941257,39.58427525650418,39.9507942199707,19651215,39.9507942199707
2023-07-12,39.67590538688455,40.317317962646484,39.67590538688455,40.317317962646484,19508653,40.317317962646484
2023-07-13,40.50057790829632,40.63802120881481,39.9507942199707,39.9507942199707,16725095,39.9507942199707
2023-07-14,40.179867526754585,40.40894317626953,40.04242423429583,40.40894317626953,11994107,40.40894317626953
2023-07-17,40.4547638272983,41.233619689941406,40.36313146407031,41.233619689941406,29110411,41.233619689941406
2023-07-18,41.233615959643636,41.5543204633852,41.0045403154234,41.2794303894043,26102858,41.2794303894043
2023-07-19,41.41687945720316,41.46269388948934,40.5463912620973,40.77546691894531,18779128,40.77546691894531
2023-07-20,40.95872887134306,41.18780453226174,40.821282076624975,41.00454330444336,12763397,41.00454330444336
2023-07-21,40.867099450912434,41.004546255522506,40.638023773507285,40.683841705322266,11636064,40.683841705322266
2023-07-24,40.6838372401814,40.6838372401814,40.31731479839282,40.50057601928711,10978625,40.50057601928711
2023-07-25,40.592209569088446,40.8670996844621,40.50058069576971,40.821285247802734,10788878,40.821285247802734
2023-07-26,41.00454489440396,41.69177190380738,40.958730459527196,41.554325103759766,32222042,41.554325103759766
2023-07-27,41.737584530375585,42.14992141723633,41.69177009748376,42.14992141723633,35398258,42.14992141723633
2023-07-28,41.96666328270335,42.01247771897116,41.69177316967907,41.92084884643555,12630957,41.92084884643555
2023-07-31,42.14992452319202,42.51644700416936,41.829219973899924,41.92084884643555,28797783,41.92084884643555
2023-08-01,42.28736802908437,43.2952995300293,42.14992123558408,43.2952995300293,40192967,43.2952995300293
2023-08-02,42.97459584507419,43.020410278663356,42.058293191622006,42.33318328857422,36911632,42.33318328857422
2023-08-04,42.79133477783446,42.837149211597634,42.33318344936817,42.42481231689453,22771230,42.42481231689453
2023-08-07,42.424812875555546,42.79133534132193,42.37899844118907,42.562259674072266,13494754,42.562259674072266
2023-08-08,42.79133313921274,43.249484450134894,42.69970077977804,43.112037658691406,25045558,43.112037658691406
2023-08-09,43.02041100857161,43.02041100857161,42.51644523970579,42.562259674072266,16636529,42.562259674072266
2023-08-10,42.60807434730609,42.928778885086636,42.51644547805945,42.699703216552734,13527840,42.699703216552734
2023-08-11,43.066225442938084,43.15785431167104,42.47062730992202,42.562259674072266,16249119,42.562259674072266
2023-08-14,42.287370448604804,42.287370448604804,41.14199208862544,41.60014343261719,22526024,41.60014343261719
2023-08-15,41.60014343261719,41.78340117388,41.508511066568424,41.60014343261719,11646302,41.60014343261719
2023-08-16,41.2794342841784,41.55432438409558,40.912915316094576,41.32524871826172,17591979,41.32524871826172
2023-08-17,41.004541047701146,41.737582423213524,40.77546539938997,41.508506774902344,14693346,41.508506774902344
2023-08-18,41.27943095998327,41.64595339396864,41.050355312596665,41.41687774658203,11066174,41.41687774658203
2023-08-21,41.46269663125272,41.64595786793289,41.371067760621315,41.60014343261719,7896093,41.60014343261719
2023-08-22,41.645956585924274,41.691771019829645,41.050358458902664,41.233619689941406,10336363,41.233619689941406
2023-08-23,41.096172089312084,41.233618883758155,40.77546756282751,40.9587287902832,14429337,40.9587287902832
2023-08-24,40.9587287090418,41.09617200779807,40.500577389019895,40.91291427612305,19201425,40.91291427612305
2023-08-25,40.68383805437296,40.958728143507145,40.50057682981113,40.77546691894531,9162423,40.77546691894531
2023-08-28,40.77546961526511,41.60014343261719,40.77546961526511,41.60014343261719,13192888,41.60014343261719
2023-08-29,41.78339904374158,42.195735931396484,41.6459557448014,42.195735931396484,13665900,42.195735931396484
2023-08-30,42.24155044555664,42.28736837404193,41.92084591866271,42.24155044555664,10934619,42.24155044555664
2023-08-31,42.19573454870377,42.19573454870377,41.78339767456055,41.78339767456055,22654901,41.78339767456055
2023-09-01,42.01247621095102,42.88296445046332,41.92084734170438,42.699703216552734,19193548,42.699703216552734
2023-09-04,42.69969980433367,42.791332161675086,42.378995292181266,42.74551773071289,7298639,42.74551773071289
2023-09-05,42.745520906955456,42.88296421005489,42.424812875555546,42.562259674072266,7849485,42.562259674072266
2023-09-06,42.60807208278726,42.65388651497565,41.920845113710044,41.96665954589844,15153174,41.96665954589844
2023-09-07,41.875030517578125,41.96665938159617,41.6459548621159,41.875030517578125,7077882,41.875030517578125
2023-09-08,41.783399757958286,42.42481231689453,41.783399757958286,42.42481231689453,8230642,42.42481231689453
2023-09-11,42.42480924007566,42.65388488769531,42.14991916201548,42.65388488769531,9322089,42.65388488769531
2023-09-12,42.65388537337147,42.74551773071289,42.24154850387765,42.74551773071289,12274928,42.74551773071289
2023-09-13,42.60807490221319,42.83715057373047,42.60807490221319,42.83715057373047,7921298,42.83715057373047
2023-09-14,42.928776189047795,43.06622297970304,42.69970053490044,42.97459411621094,13347312,42.97459411621094
2023-09-15,42.974593380940895,42.974593380940895,42.69969980433367,42.74551773071289,18166631,42.74551773071289
2023-09-18,42.69969906589441,42.69969906589441,42.42480898945809,42.516441345214844,9915365,42.516441345214844
2023-09-19,42.562259194171745,42.69970249572147,42.424812397204775,42.47062683105469,12155578,42.47062683105469
2023-09-20,42.42481069252062,42.47062512452965,41.8292160855691,41.875030517578125,19194476,41.875030517578125
2023-09-21,41.69177085717519,41.737585290901826,40.958729431297314,41.141990661621094,25786769,41.141990661621094
2023-09-22,41.096172089312084,41.233618883758155,40.82128199583713,40.9587287902832,14849503,40.9587287902832
2023-09-25,41.00454346620161,41.23361912802397,40.867096670941315,41.09617233276367,12515932,41.09617233276367
2023-09-26,40.95872806117268,41.096171357754926,40.68383797259108,40.729652404785156,13592490,40.729652404785156
2023-09-27,40.592205857029995,40.95872830762226,40.5005769920905,40.867095947265625,12826800,40.867095947265625
2023-09-28,40.8670996844621,41.18780773191258,40.821285247802734,40.821285247802734,11709653,40.821285247802734
2023-10-02,40.912913711220966,41.00454257579332,40.729652486659134,40.77546691894531,9808027,40.77546691894531
2023-10-03,40.5005791979238,40.59220806785379,40.317317962646484,40.317317962646484,16489470,40.317317962646484
2023-10-04,40.17986980170915,40.2715021639535,39.859165272396986,39.90497970581055,24415074,39.90497970581055
2023-10-05,39.9049811354231,40.45476484233375,39.76753783025844,40.36313247680664,13315708,40.36313247680664
2023-10-06,40.546395132429076,40.8670996844621,40.45476625911035,40.821285247802734,8311526,40.821285247802734
2023-10-11,41.279433130946444,42.10410690307617,41.18780426533966,42.10410690307617,33041627,42.10410690307617
2023-10-12,42.10410374682388,42.2873649597168,41.69176689166905,42.2873649597168,17947151,42.2873649597168
2023-10-13,42.01247250210354,42.01247250210354,41.508506774902344,41.508506774902344,16023433,41.508506774902344
2023-10-16,41.2794355507019,41.6917724609375,41.23362111521291,41.6917724609375,7411565,41.6917724609375
2023-10-17,41.737586179066085,41.78340061376764,41.371067206036344,41.46269607543945,8336233,41.46269607543945
2023-10-18,41.69176881160297,41.78339767456055,41.416878727313176,41.78339767456055,20529787,41.78339767456055
2023-10-19,41.416881081845624,41.55432438409558,41.09617305242786,41.32524871826172,13146819,41.32524871826172
2023-10-20,40.867096428846764,41.18780445074852,40.088240581431535,40.9587287902832,26926642,40.9587287902832
2023-10-23,40.72965118284066,41.05035569399478,40.31731431463036,40.40894317626953,14983219,40.40894317626953
2023-10-24,40.4089473888112,40.63802306220677,40.17987171541563,40.45476531982422,9559466,40.45476531982422
2023-10-25,40.50057975541986,40.63802306220677,40.4089473888112,40.45476531982422,6332569,40.45476531982422
2023-10-26,40.0882379308107,40.50057479146814,39.90497671547217,40.179866790771484,10856280,40.179866790771484
2023-10-27,40.27150036702351,40.6838372401814,40.225685935654205,40.50057601928711,5915192,40.50057601928711
2023-10-30,40.500575281881815,40.683836499439415,40.08823841623146,40.27149963378906,13371272,40.27149963378906
2023-10-31,40.54639347323569,40.54639347323569,40.17987100412426,40.22568893432617,9158146,40.22568893432617
2023-11-01,40.50057999058138,40.7754701011687,40.317318751717366,40.59220886230469,9333175,40.59220886230469
2023-11-02,40.95872903292058,41.18780469474294,40.821282237660284,41.09617233276367,14387892,41.09617233276367
2023-11-03,41.2336205642051,41.554325103759766,41.050359329280724,41.554325103759766,11132598,41.554325103759766
2023-11-06,41.82921870385499,41.87503313873175,41.46269623400624,41.554325103759766,11837901,41.554325103759766
2023-11-07,41.41687774658203,41.462692176975956,41.18780209919542,41.41687774658203,8921848,41.41687774658203
2023-11-08,41.6001383885628,41.6001383885628,41.233615959643636,41.2794303894043,5428905,41.2794303894043
2023-11-09,41.37106704711914,41.41688148164471,41.18780581359957,41.37106704711914,5283630,41.37106704711914
2023-11-10,41.05035837891569,41.32524847722956,41.05035837891569,41.18780517578125,5174134,41.18780517578125
2023-11-13,41.64595730966298,41.96666184799117,41.4168816407379,41.46269607543945,13826876,41.46269607543945
2023-11-14,41.73758299449191,41.92084421473262,41.5543217742512,41.64595413208008,17268934,41.64595413208008
2023-11-15,42.058295650656405,42.14992452319202,41.645958733411256,41.92084884643555,22992419,41.92084884643555
2023-11-16,41.96666312640678,42.01247756250396,41.691773014406266,41.829219818115234,17524774,41.829219818115234
2023-11-17,41.737583889539366,42.10410633788073,41.737583889539366,41.96665954589844,16173201,41.96665954589844
2023-11-20,42.149920605049374,42.149920605049374,41.6459548621159,41.875030517578125,10582199,41.875030517578125
2023-11-21,41.920842533930966,42.56225503134772,41.920842533930966,42.2873649597168,27290008,42.2873649597168
2023-11-22,42.24155108642457,42.42481231689453,42.19573665266139,42.42481231689453,10383618,42.42481231689453
2023-11-23,42.51644467983813,42.60807354736449,42.28736901560499,42.42481231689453,12747824,42.42481231689453
2023-11-24,42.51644467983813,42.60807354736449,42.24155108642457,42.42481231689453,7185740,42.42481231689453
2023-11-27,42.24155339572764,42.74552268092584,41.829219973899924,41.92084884643555,16042874,41.92084884643555
2023-11-28,41.875031324468225,42.19573585012815,41.737584530375585,42.14992141723633,18068603,42.14992141723633
2023-11-29,42.01247771897116,42.24155339572764,41.92084884643555,41.92084884643555,11989238,41.92084884643555
2023-11-30,42.012476054100965,42.60807418823242,41.920847185196415,42.60807418823242,33581478,42.60807418823242
2023-12-01,42.3789971587339,42.3789971587339,42.0582926324563,42.195735931396484,13828296,42.195735931396484
2023-12-04,42.47062667008691,42.51644459918041,42.149922138935814,42.378997802734375,12839352,42.378997802734375
2023-12-05,42.058291170950724,42.104105602338755,41.600139866236304,41.73758316040039,22178333,41.73758316040039
2023-12-06,41.73758299449191,41.96665864593854,41.60013970087416,41.64595413208008,14764383,41.64595413208008
2023-12-07,41.5085097887909,41.6001421520189,41.050358458902664,41.233619689941406,22523861,41.233619689941406
2023-12-08,41.23361912802397,41.416880356565294,41.05035789948264,41.09617233276367,20276648,41.09617233276367
2023-12-11,41.09617233276367,41.18780469474294,41.00454346620161,41.09617233276367,13732183,41.09617233276367
2023-12-12,41.00454330444336,41.09617217064395,40.86709650972528,41.00454330444336,16838581,41.00454330444336
2023-12-13,41.00454322329283,41.1419900177389,40.867096428846764,40.9587287902832,15653415,40.9587287902832
2023-12-14,41.55432314280207,42.104106821630786,41.37106541194299,42.058292388916016,37739504,42.058292388916016
2023-12-15,42.195735284586846,42.241549716864625,41.78339840325257,42.012474060058594,29841765,42.012474060058594
2023-12-18,41.78340133191547,41.82921926282183,41.462696788075206,41.6917724609375,10665285,41.6917724609375
2023-12-19,41.55432406057805,41.60014198972192,41.09617273247722,41.141990661621094,19170782,41.141990661621094
2023-12-20,41.279433561305,41.32524799458603,41.05035789948264,41.09617233276367,16947070,41.09617233276367
2023-12-21,40.867096428846764,41.05035765630246,40.867096428846764,40.9587287902832,11045862,40.9587287902832
2023-12-22,40.9587287090418,41.09617200779807,40.86709634778712,40.91291427612305,12753891,40.91291427612305
2023-12-25,41.05035789948264,41.32524799458603,40.95872903292058,41.09617233276367,9367581,41.09617233276367
2023-12-26,41.23361652958935,41.50850660736988,41.18780209919542,41.41687774658203,9292816,41.41687774658203
2023-12-27,41.46269291183937,41.69176856328599,41.37106404942754,41.64595413208008,12547679,41.64595413208008
2023-12-28,41.645955025162586,41.96665954589844,41.55432266536869,41.96665954589844,15438371,41.96665954589844
2023-12-29,41.92084884643555,41.96666328270335,41.69177316967907,41.92084884643555,14718236,41.92084884643555
2024-01-02,41.78340133191547,41.78340133191547,41.462696788075206,41.6917724609375,8594338,41.6917724609375
2024-01-03,41.27943404341345,41.46269527409512,41.05035837891569,41.18780517578125,16720297,41.18780517578125
2024-01-04,41.096172089312084,41.18780445074852,40.9587287902832,40.9587287902832,13536046,40.9587287902832
2024-01-05,40.95872903292058,41.18780469474294,40.95872903292058,41.09617233276367,9460556,41.09617233276367
2024-01-08,41.14199098192844,41.6917711817628,41.09617305242786,41.32524871826172,14758089,41.32524871826172
2024-01-09,41.325247831562635,41.462694626280715,41.00454330444336,41.00454330444336,12202162,41.00454330444336
2024-01-10,41.233618883758155,41.32524774977741,40.9587287902832,40.9587287902832,7485398,40.9587287902832
2024-01-11,40.867095947265625,41.004542740092006,40.683838217386636,40.867095947265625,14848145,40.867095947265625
2024-01-12,40.77546691894531,40.912913711220966,40.77546691894531,40.77546691894531,11633882,40.77546691894531
2024-01-15,40.9129136289786,41.14198928536612,40.729652404785156,40.729652404785156,17671440,40.729652404785156
2024-01-16,40.59220806785379,40.638022502818785,40.04242785743918,40.317317962646484,29185028,40.317317962646484
2024-01-17,40.1340546369337,40.225686997508234,39.6759033203125,39.6759033203125,37085046,39.6759033203125
2024-01-18,39.63008888773381,39.9049789786231,39.49264209458059,39.6759033203125,16805896,39.6759033203125
2024-01-19,39.53846145536821,40.134056091308594,39.53846145536821,40.134056091308594,18578828,40.134056091308594
2024-01-22,40.22568471616883,40.317313576129614,40.179866790771484,40.179866790771484,9150527,40.179866790771484
2024-01-23,40.50057601928711,40.50057601928711,40.17986800886784,40.50057601928711,10793433,40.50057601928711
2024-01-24,40.4547615879178,40.6838372401814,40.31731479839282,40.50057601928711,12359456,40.50057601928711
2024-01-25,40.50057626681962,40.63801956176758,40.45476183517031,40.63801956176758,11779164,40.63801956176758
2024-01-26,40.59220569438348,40.82128135123149,40.5463912620973,40.77546691894531,12814578,40.77546691894531
2024-01-29,40.59220933710974,40.77547057811735,40.5463949007122,40.683841705322266,10211380,40.683841705322266
2024-01-30,40.6838402730068,40.6838402730068,40.22568893432617,40.22568893432617,15675025,40.22568893432617
2024-01-31,40.22568964642865,40.45476531982422,40.13405727981999,40.45476531982422,13853540,40.45476531982422
2024-02-01,40.68383797259108,40.775466836979234,40.500576748397634,40.729652404785156,11301348,40.729652404785156
2024-02-02,40.68383675202108,40.72965118284066,40.36312874544994,40.40894317626953,9944655,40.40894317626953
2024-02-05,40.22568893432617,40.363132238679974,40.04242769977046,40.22568893432617,17242323,40.22568893432617
2024-02-15,40.317318041751754,40.7754693831353,40.27150360669687,40.36313247680664,18973352,40.36313247680664
2024-02-16,40.592209569088446,40.821285247802734,40.50058069576971,40.821285247802734,10241018,40.821285247802734
2024-02-19,40.867097227863916,41.279434123846784,40.821282793958545,41.233619689941406,21577471,41.233619689941406
2024-02-20,41.23361985009508,41.32524871826172,41.05035861834454,41.32524871826172,12780176,41.32524871826172
2024-02-21,41.27943339846234,41.27943339846234,40.95872887134306,41.00454330444336,14884476,41.00454330444336
2024-02-22,41.00454386502395,41.141990661621094,40.958729431297314,41.141990661621094,9841691,41.141990661621094
2024-02-23,41.05035692556084,41.096171357754926,40.729652404785156,40.729652404785156,14521845,40.729652404785156
2024-02-26,40.638023298166345,40.7754701011687,40.59220886230469,40.59220886230469,16996562,40.59220886230469
2024-02-27,40.59220886230469,41.00454577589437,40.50057999058138,40.59220886230469,17596584,40.59220886230469
2024-02-29,40.59220345674357,41.2794303894043,40.54638902698291,41.2794303894043,27458500,41.2794303894043
2024-03-01,41.27943323489026,41.27943323489026,40.91291427612305,40.91291427612305,12188479,40.91291427612305
2024-03-04,40.91291427612305,41.09617200779807,40.86709634778712,40.91291427612305,16542104,40.91291427612305
2024-03-05,40.91291427612305,41.187804369052756,40.91291427612305,40.91291427612305,12718033,40.91291427612305
2024-03-06,40.91291761653893,41.18780773191258,40.821285247802734,40.821285247802734,17710428,40.821285247802734
2024-03-07,40.867096670941315,41.23361912802397,40.821282237660284,41.09617233276367,19189914,41.09617233276367
2024-03-08,41.05035547827998,41.508506774902344,41.004541047701146,41.508506774902344,41256409,41.508506774902344
2024-03-11,42.0582926324563,42.60807281905139,41.87503140511888,42.195735931396484,52841794,42.195735931396484
2024-03-12,42.241551721779636,42.60807418823242,42.149922852875086,42.60807418823242,39706120,42.60807418823242
2024-03-13,42.65388562163205,42.92877570442221,42.562256759174346,42.88296127319336,36295169,42.88296127319336
2024-03-14,42.97459420292107,44.34904813057845,42.97459420292107,44.257415771484375,74186786,44.257415771484375
2024-03-15,44.44067913777757,44.44067913777757,43.34111524353261,43.66182327270508,67083796,43.66182327270508
2024-03-18,43.707637225736946,44.119974118468065,43.29530033300583,43.5701904296875,25477256,43.5701904296875
2024-03-19,43.38692605372089,43.982524132853406,43.20366833283425,43.753448486328125,20605850,43.753448486328125
2024-03-20,43.75345157824065,43.93671280749473,43.47856148206813,43.524375915527344,19653760,43.524375915527344
2024-03-21,43.70763631668057,44.578124517581976,43.70763631668057,44.48649215698242,44610683,44.48649215698242
2024-03-22,44.807200175955124,45.17371913210187,44.16578763342687,44.48649215698242,36280103,44.48649215698242
2024-03-25,44.53230905697484,44.53230905697484,43.79926760864856,44.07415771484375,23185710,44.07415771484375
2024-03-26,43.89089690291482,44.39486264490888,43.8450789755741,44.30323028564453,15633362,44.30323028564453
2024-03-27,44.07415819119435,44.303233864735724,44.028343755569544,44.16579055786133,10609472,44.16579055786133
2024-03-28,44.34904804800087,44.39486247975405,43.98252560314119,44.21160125732422,13552454,44.21160125732422
2024-03-29,44.211601984869574,44.62393886826785,44.11997311985535,44.440677642822266,11902000,44.440677642822266
2024-04-01,44.80720146574822,45.08209156462539,44.62394023469102,44.8530158996582,19040501,44.8530158996582
2024-04-02,44.66975466860101,44.94464476747818,44.62394023469102,44.8530158996582,10606932,44.8530158996582
2024-04-03,44.669755777599256,44.669755777599256,44.028343200683594,44.028343200683594,20409376,44.028343200683594
2024-04-08,43.982525766762066,44.44067707683251,43.75345011172685,44.30323028564453,14821759,44.30323028564453
2024-04-09,44.48649110710898,45.31116485595703,44.39486224408901,45.31116485595703,38494383,45.31116485595703
2024-04-10,45.356981013371396,45.356981013371396,44.66975402832031,44.66975402832031,28882840,44.66975402832031
2024-04-11,45.54024124145508,46.27328264365731,45.26535115255638,45.54024124145508,44039125,45.54024124145508
2024-04-12,45.49442862311342,45.49442862311342,44.85301605983133,44.944644927978516,27730193,44.944644927978516
2024-04-15,44.66975466860101,45.173720432445364,44.34905013581385,44.8530158996582,23788713,44.8530158996582
2024-04-16,44.486493896961214,44.71556956429409,43.57019122762971,43.8450813293457,34286492,43.8450813293457
2024-04-17,43.79926348645327,44.1199714930118,43.61600226776511,43.89089584350586,17332692,43.89089584350586
2024-04-18,43.89090115256976,44.5781281842149,43.52437867085871,44.394866943359375,20325610,44.394866943359375
2024-04-19,43.799265930403664,44.165788388231526,43.112038943539325,43.47856140136719,30954485,43.47856140136719
2024-04-22,43.89089730028362,44.53230634385558,43.75345050785126,44.34904861450195,22153307,44.34904861450195
2024-04-23,44.486492799889916,44.85301525675071,44.44067836663662,44.66975402832031,15723227,44.66975402832031
2024-04-24,44.94464556500729,45.35698246834847,44.89883113028434,45.127906799316406,24012003,45.127906799316406
2024-04-25,44.62393895017318,44.71556781535558,44.303230931200474,44.48649215698242,19379964,44.48649215698242
2024-04-26,44.53230779169596,45.08209148388289,44.53230779169596,44.80720138549805,13314079,44.80720138549805
2024-04-29,45.173718078876796,46.63980435553345,45.12790364735376,46.54817199707031,54662846,46.54817199707031
2024-04-30,46.548175014483995,46.914697481261676,46.273284912109375,46.273284912109375,35944685,46.273284912109375
2024-05-02,45.99839417305398,46.456545502476,45.81513294220173,46.090023040771484,23499014,46.090023040771484
2024-05-03,46.181655242663574,46.456545340273564,45.90676164963635,45.99839401245117,14900507,45.99839401245117
2024-05-06,46.36491504947314,47.006327636172195,46.27328617798073,46.639808654785156,29378952,46.639808654785156
2024-05-07,47.189588874574405,47.189588874574405,46.36491504947314,46.639808654785156,17174115,46.639808654785156
2024-05-08,46.639808654785156,46.82306639776998,46.45654741638294,46.639808654785156,14720994,46.639808654785156
2024-05-09,46.91469717794085,48.01426107574753,46.731435945736855,47.37284851074219,38031799,47.37284851074219
2024-05-10,48.56404072529561,50.85479736328125,48.56404072529561,50.85479736328125,110819018,50.85479736328125
2024-05-13,51.587837477992466,51.67946983843472,50.1217546650879,50.48827362060547,56197441,50.48827362060547
2024-05-14,50.57990755724183,51.038058887478776,49.66360489676795,49.75523376464844,34279644,49.75523376464844
2024-05-15,50.39664529043259,52.229250573721046,50.12175519702276,51.862728118896484,77902548,51.862728118896484
2024-05-16,52.22925410090091,52.595776580477704,51.58784150935022,51.679473876953125,59682185,51.679473876953125
2024-05-17,51.679473876953125,52.04599286111251,51.40458026956182,51.679473876953125,31089850,51.679473876953125
2024-05-20,52.04599157996927,52.13762394531659,51.03806002907004,51.312950134277344,22312535,51.312950134277344
2024-05-21,51.12968729862608,51.22131966110529,50.0301234167962,50.76316833496094,35314051,50.76316833496094
2024-05-22,50.854798793792725,51.312950134277344,50.67153755851541,51.312950134277344,18502022,51.312950134277344
2024-05-23,50.57990900851752,50.76317024495401,50.03012529920804,50.21338653564453,29820556,50.21338653564453
2024-05-24,49.846864250979436,50.6715345171029,49.846864250979436,50.305015563964844,15696064,50.305015563964844
2024-05-27,51.038058754660845,51.31294885300421,50.57990742561617,50.94642639160156,21737408,50.94642639160156
2024-05-28,50.94642610757379,52.50414131672485,50.94642610757379,52.045989990234375,42788393,52.045989990234375
2024-05-29,52.045990280392246,52.045990280392246,50.76316865631749,50.94642639160156,37270612,50.94642639160156
2024-05-30,50.854797523959526,51.95436141275021,50.76316865631749,50.94642639160156,32809994,50.94642639160156
2024-05-31,51.312946966952566,51.9543595031229,50.946424519021775,51.49620819091797,46587800,51.49620819091797
2024-06-03,51.86272859964993,52.04598982876099,51.40457727458087,51.95436096191406,18443934,51.95436096191406
2024-06-04,51.58784150935022,51.77110274913862,51.12969015758793,51.679473876953125,17506522,51.679473876953125
2024-06-05,51.77109909057617,52.22925040996181,51.4045766369008,51.77109909057617,15821156,51.77109909057617
2024-06-06,51.86273081406556,52.77903350332762,51.86273081406556,52.68740463256836,43909193,52.68740463256836
2024-06-07,52.68740289973357,53.51207669111369,52.68740289973357,53.32881546020508,28016517,53.32881546020508
2024-06-11,53.87859710140241,54.70327091488291,53.420445759561545,53.78696823120117,50455531,53.78696823120117
2024-06-12,53.237182293271424,53.512075883192644,52.779030970625655,53.053924560546875,30709932,53.053924560546875
2024-06-13,53.51207620878128,53.87859517187763,52.96229252101094,53.2371826171875,32885334,53.2371826171875
2024-06-14,53.69533442660505,53.69533442660505,52.68740289973357,53.32881546020508,22570629,53.32881546020508
2024-06-17,53.32881721413527,53.32881721413527,52.595775761809094,52.68740463256836,19688095,52.68740463256836
2024-06-18,53.145552522939674,53.9702262878418,53.145552522939674,53.9702262878418,28703145,53.9702262878418
2024-06-19,54.15348418124299,54.336745406821876,53.32881390926368,54.06185531616211,29967420,54.06185531616211
2024-06-20,54.061854587798784,55.16141843104082,53.878593364688925,55.069786071777344,43213257,55.069786071777344
2024-06-21,55.069786071777344,55.34467965415068,54.70326712097473,55.069786071777344,44553804,55.069786071777344
2024-06-24,55.2530517578125,55.43631299572482,54.61163917282807,55.2530517578125,26401745,55.2530517578125
2024-06-25,55.71119990783805,56.07772236262941,55.06978735966177,55.436309814453125,30590909,55.436309814453125
2024-06-26,55.253049513616375,55.43631074408523,54.06185675869469,54.5200080871582,38888351,54.5200080871582
2024-06-27,53.97023041555643,54.15348815917969,53.420446698434446,54.15348815917969,47169410,54.15348815917969
2024-06-28,54.15348418124299,54.61163549748164,53.695332865004325,54.06185531616211,48245179,54.06185531616211
2024-07-01,54.91546430658328,55.10515213012695,53.77731927500465,55.10515213012695,68014318,55.10515213012695
2024-07-02,54.820617872144844,55.48453612200372,54.441238599413616,55.20000076293945,25123181,55.20000076293945
2024-07-03,55.67422572599452,58.42473893006128,55.57937819740122,58.32989501953125,82983423,58.32989501953125
2024-07-04,58.61443014398713,58.99381302077619,57.28659731135195,57.57113265991211,54381074,57.57113265991211
2024-07-05,58.14020538330078,58.329896828306325,57.38144322134199,58.14020538330078,38153115,58.14020538330078
2024-07-08,58.32989523788005,59.18350490809873,57.85566844732818,59.08865737915039,41291332,59.08865737915039
2024-07-09,59.27835063420418,59.94226888491995,57.855670218983285,58.89896774291992,44984901,58.89896774291992
2024-07-10,59.373194041979005,60.416495175087384,59.1835062160169,60.32164764404297,46214319,60.32164764404297
2024-07-11,61.080413122365485,62.69278134356292,60.51133879306344,62.12371063232422,74786743,62.12371063232422
2024-07-12,61.839173456050844,62.69278316578315,61.2701027282716,62.31340026855469,38164611,62.31340026855469
2024-07-15,62.59793630746695,62.59793630746695,60.79587305745092,61.64948272705078,33842043,61.64948272705078
2024-07-16,62.31339754761094,62.40824869487151,61.27010005288393,62.028865814208984,33390002,62.028865814208984
2024-07-17,62.31340047313812,62.78762728719891,61.45979799673022,61.934024810791016,39102467,61.934024810791016
2024-07-18,61.36494718411297,62.21855690136475,59.84742281795812,60.89072036743164,48543601,60.89072036743164
2024-07-19,61.364946819184894,61.364946819184894,58.51958955408132,59.37319564819336,52547992,59.37319564819336
2024-07-22,58.898966200327166,58.99381372969583,56.4329883257548,56.9072151184082,47711977,56.9072151184082
2024-07-23,57.950512141284605,58.32989501953125,57.57113288110122,58.32989501953125,21678619,58.32989501953125
2024-07-26,56.62267930354787,58.51958645865458,56.43298786442455,58.32989501953125,37439149,58.32989501953125
2024-07-29,59.183505114597345,59.9422672585151,58.614430793111566,59.468040466308594,30437537,59.468040466308594
2024-07-30,59.27835063497397,59.27835063497397,57.571134860299395,58.519588470458984,21728973,58.519588470458984
2024-07-31,57.66597808305469,59.56288528064243,57.66597808305469,59.18350601196289,18511247,59.18350601196289
2024-08-01,59.65773281514724,59.84742064046738,59.1835060157202,59.56288528442383,24088468,59.56288528442383
2024-08-02,58.329896828306325,58.51958827331187,57.47628713481307,58.14020538330078,28645559,58.14020538330078
2024-08-05,55.95876401335254,56.14845546243422,52.4494848685635,52.7340202331543,67951804,52.7340202331543
2024-08-06,54.061853991880206,54.7257722206563,51.21649325546546,53.20824432373047,47848163,53.20824432373047
2024-08-07,53.208246013104066,55.67422756713027,53.208246013104066,55.57938003540039,41171470,55.57938003540039
2024-08-08,54.536082317736174,55.7690712813071,54.25154695969109,54.82061767578125,22098747,54.82061767578125
2024-08-09,58.140205183026744,58.32989662737886,57.002060134977405,57.38144302368164,48640357,57.38144302368164
2024-08-12,58.04536237692499,58.42474165480139,57.28660020310876,57.85567092895508,28181159,57.85567092895508
2024-08-13,57.95051393829524,58.329896828306325,57.47628713481307,58.14020538330078,20254165,58.14020538330078
2024-08-14,58.614430577758654,59.27834880802114,58.23505131622529,58.70927810668945,27932712,58.70927810668945
2024-08-15,59.373193429933366,59.5628848720034,58.32989592564313,58.424739837646484,19576689,58.424739837646484
2024-08-16,59.37319583583823,60.03711410095483,58.8989690204783,59.75257873535156,40751327,59.75257873535156
2024-08-19,59.942267049369065,59.942267049369065,58.99381346826532,59.08865737915039,19025333,59.08865737915039
2024-08-20,59.27835063497397,59.27835063497397,57.950514133525196,58.519588470458984,23860267,58.519588470458984
2024-08-21,58.23505131622529,58.9938134573553,58.14020378729448,58.70927810668945,17824051,58.70927810668945
2024-08-22,58.519589379970725,58.61443329523539,57.85567111892772,58.23505401611328,15049844,58.23505401611328
2024-08-23,57.57113288110122,58.51958645865458,57.3814414419779,58.32989501953125,10674672,58.32989501953125
2024-08-26,59.088657996623894,60.890717648714464,58.99381408474772,60.60618591308594,45897812,60.60618591308594
2024-08-27,60.22680261982049,60.41649406034597,59.56288438701296,59.84741973876953,24131732,59.84741973876953
2024-08-28,60.13195891437206,60.226802825927734,59.37319314967351,60.226802825927734,13255685,60.226802825927734
2024-08-29,59.84741973876953,60.1319587085894,59.46804047578187,59.84741973876953,14112990,59.84741973876953
2024-08-30,60.13195891437206,60.41649426710237,59.75257603202279,60.226802825927734,30136194,60.226802825927734
2024-09-02,60.511338396740506,61.83917125362186,60.41649448484303,61.36494445800781,31737202,61.36494445800781
2024-09-03,61.45979742898971,61.45979742898971,60.22680482937075,60.41649627685547,16384725,60.41649627685547
2024-09-04,57.85566912949969,58.993814163856605,57.4762862453596,58.424739837646484,36450780,58.424739837646484
2024-09-05,58.80412312522,60.32164743606486,58.519587769194516,59.18350601196289,30481021,59.18350601196289
2024-09-06,58.99381388538754,60.41649426710237,58.61443100303826,60.226802825927734,24581221,60.226802825927734
2024-09-09,58.8041240234375,59.373194744180886,58.14020577052794,59.278350830078125,29662372,59.278350830078125
2024-09-10,59.278351732646506,60.131961444822,58.804124918785334,59.37319564819336,18738850,59.37319564819336
2024-09-11,59.088659383809194,59.65773372261599,59.088659383809194,59.278350830078125,18759780,59.278350830078125
2024-09-12,59.94226927853625,60.037113192948425,59.27835102346081,59.65773391723633,19992848,59.65773391723633
2024-09-13,59.84742084054153,60.416495172594445,59.27835012655198,59.94226837158203,15437217,59.94226837158203
2024-09-16,60.03711117929501,60.1319587085894,59.46804047578187,59.84741973876953,9224361,59.84741973876953
2024-09-18,59.75257692756439,60.13195981559967,59.56288548354676,59.94226837158203,12969687,59.94226837158203
2024-09-19,60.13196040249756,61.45979690551758,60.03711287053134,61.45979690551758,34318662,61.45979690551758
2024-09-20,61.6494834298269,62.02886631354347,61.17525663421284,61.36494445800781,40165846,61.36494445800781
2024-09-23,61.55463902241247,62.028865814208984,61.17525614174995,62.028865814208984,21522538,62.028865814208984
2024-09-24,62.12371102938825,63.072164632890356,61.934023203138516,62.882476806640625,43299635,62.882476806640625
2024-09-25,63.546391438431975,63.6412353515625,62.97732072352211,63.6412353515625,31977429,63.6412353515625
2024-09-26,64.11545896716588,65.06391252359178,63.92577115033125,64.77938079833984,44203669,64.77938079833984
2024-09-27,65.44329494900174,65.44329494900174,63.451543941257384,64.02061462402344,36299707,64.02061462402344
2024-09-30,63.925776157744366,64.21030790528415,63.072166442871094,63.072166442871094,29637285,63.072166442871094
2024-10-01,63.45154732619683,63.64123515186265,62.78762546411303,63.2618522644043,11996810,63.2618522644043
2024-10-04,62.597938537597656,63.45154823760844,62.40825070920718,62.597938537597656,24322395,62.597938537597656
2024-10-07,63.16700608882135,64.49484252929688,63.07216217938591,64.49484252929688,29051653,64.49484252929688
2024-10-08,64.02061643932873,64.68453104869337,63.54638965088926,64.2103042602539,24875376,64.2103042602539
2024-10-09,64.7793873486262,64.96907518464147,64.11546545031857,64.30516052246094,17309623,64.30516052246094
2024-10-11,65.06391322203596,65.06391322203596,64.11545965542867,64.49484252929688,21663134,64.49484252929688
2024-10-14,64.4948432277682,64.58968713823079,63.64123356135185,64.2103042602539,10554371,64.2103042602539
2024-10-15,64.30515513080569,65.25360870361328,64.0206161645128,65.25360870361328,28862968,65.25360870361328
2024-10-16,64.4948483584762,65.0639191026491,63.9257776143033,64.30516052246094,21791724,64.30516052246094
2024-10-17,64.40000440556214,65.15876298533904,64.40000440556214,65.06391906738281,13945412,65.06391906738281
2024-10-18,65.25361090929326,66.2969084274215,64.9690719333825,66.20206451416016,42577824,66.20206451416016
2024-10-21,66.2020611329787,66.2020611329787,64.49484183696151,64.77938079833984,38717417,64.77938079833984
2024-10-22,64.68453187213723,65.72783660888672,64.30515622545737,65.72783660888672,26585760,65.72783660888672
2024-10-23,65.44330014546566,65.82268304280967,65.15876116342591,65.63298797607422,17460484,65.63298797607422
2024-10-24,65.25361011038156,65.44329793458185,64.68453216552734,64.68453216552734,16149286,64.68453216552734
2024-10-25,64.96907154027967,65.44329833984375,64.58968865340306,65.44329833984375,11712474,65.44329833984375
2024-10-28,65.34845372608024,66.20206340336317,64.96907084327376,65.72783660888672,22253036,65.72783660888672
2024-10-29,65.63298504821017,65.63298504821017,64.4948436430771,64.96907043457031,21295784,64.96907043457031
2024-10-30,65.25361341951591,65.44330125333565,64.9690744326593,65.34845733642578,14846643,65.34845733642578
2024-11-01,64.5896922414746,65.25361413942237,63.92577757965392,65.06391906738281,25933667,65.06391906738281
2024-11-04,65.06391367532021,66.01236724853516,64.969069765224,66.01236724853516,27759924,66.01236724853516
2024-11-05,65.53814264907729,66.20206451416016,65.06391584664384,66.20206451416016,12529086,66.20206451416016
2024-11-06,66.01236612177465,66.10721003025196,65.4432954347844,65.53813934326172,12043658,65.53813934326172
2024-11-07,65.44329873581594,66.77113522985495,65.44329873581594,66.20206451416016,25062035,66.20206451416016
2024-11-08,66.39175305263602,66.58144088119282,65.82268233083879,65.91752624511719,15125052,65.91752624511719
2024-11-11,66.10721368019308,66.20206483003375,64.58968935239075,65.15876007080078,20916698,65.15876007080078
2024-11-12,64.30515358346963,64.68452921456279,63.73607566457725,64.02061462402344,40494368,64.02061462402344
2024-11-13,63.64123645624451,64.02061935147864,62.78762675099943,63.35670471191406,37216440,63.35670471191406
2024-11-14,63.07216332874878,63.64123403185804,62.69278044796708,62.78762435913086,26613329,62.78762435913086
2024-11-15,63.54639344615637,64.7793860641893,63.167010545521094,63.4515495300293,29043099,63.4515495300293
2024-11-18,63.83092950491335,64.020617328473,63.167007650201356,63.546390533447266,19670848,63.546390533447266
2024-11-19,63.830928618403554,64.2103042602539,63.07216286244979,64.2103042602539,29378666,64.2103042602539
2024-11-20,63.92577362060547,63.92577362060547,63.92577362060547,63.92577362060547,25128583,63.92577362060547
2024-11-21,63.45154641683662,63.54639032831027,62.78762456426786,63.16700744628906,29047535,63.16700744628906
2024-11-22,63.546392541467696,63.83093152192501,63.07216573145674,63.35670471191406,20542663,63.35670471191406
2024-11-25,63.925772713226344,64.49484341376959,63.641233744891444,63.830928802490234,45994278,63.830928802490234
2024-11-26,63.641234648231745,64.02061753268782,62.88247611544626,63.92577362060547,14985040,63.92577362060547
2024-11-27,63.641237174077624,63.83093224189776,63.072166442871094,63.072166442871094,12375995,63.072166442871094
2024-11-28,63.35670360839168,63.35670360839168,62.69278174426417,62.882476806640625,12375048,62.882476806640625
2024-11-29,62.408251419956976,62.69278316578315,61.64948562550006,62.31340026855469,23113400,62.31340026855469
2024-12-02,62.69278282701209,64.21030717159881,62.597938912249205,64.11546325683594,20298415,64.11546325683594
2024-12-03,64.4000036950731,65.34845733642578,64.30515977816323,65.34845733642578,29913884,65.34845733642578
2024-12-04,65.44329833984375,65.44329833984375,64.87422762759219,65.44329833984375,15588054,65.44329833984375
2024-12-05,65.63298797607422,65.7278391275054,65.2536123148571,65.63298797607422,12754696,65.63298797607422
2024-12-06,65.53814296178307,65.63298687549694,64.87422832965916,65.15876007080078,10241647,65.15876007080078
2024-12-09,65.15876116342591,65.82268304280967,65.06391724812164,65.63298797607422,18164014,65.63298797607422
2024-12-10,65.25361413942237,65.63298981124726,64.87423123147036,65.06391906738281,12441774,65.06391906738281
2024-12-11,64.77938551582812,65.632987989873,64.49484653372856,64.87422943115234,19996762,64.87422943115234
2024-12-12,65.44329655183148,66.20206230485404,65.06391367532021,66.01236724853516,36133386,66.01236724853516
2024-12-13,65.72783841656039,66.2020652240792,65.44329943759836,65.91752624511719,13686022,65.91752624511719
2024-12-16,65.91752444753006,67.05566586008712,65.82268053583807,66.4865951538086,34902926,66.4865951538086
2024-12-17,66.01237271919926,66.39175562715126,65.06391906738281,65.06391906738281,24837503,65.06391906738281
2024-12-18,64.9690697373204,65.82267940007254,64.68453077102753,65.25360870361328,15857184,65.25360870361328
2024-12-19,64.02061643932873,64.2103042602539,63.64123356135185,64.2103042602539,26330204,64.2103042602539
2024-12-20,63.73607765562756,64.21030444543469,63.45154592341922,63.830928802490234,26899589,63.830928802490234
2024-12-23,64.49484474071558,65.44329833984375,64.49484474071558,65.44329833984375,17122496,65.44329833984375
2024-12-24,65.44330125333565,65.53814517024551,65.06391834956916,65.34845733642578,6153683,65.34845733642578
2024-12-25,65.44329904806919,65.53814296178307,64.87422832965916,65.15876007080078,5986895,65.15876007080078
2024-12-26,65.3484551343553,65.44329904806919,64.87422832965916,65.15876007080078,3532796,65.15876007080078
2024-12-27,65.06391475494371,65.72783660888672,64.96907084327376,65.72783660888672,10258701,65.72783660888672
2024-12-30,65.63298797607422,66.2020659401537,65.44330014546566,65.63298797607422,16911590,65.63298797607422
2024-12-31,65.06391252359178,65.1587564320091,64.58968574537883,64.77938079833984,13746482,64.77938079833984
2025-01-02,65.1587571314714,65.1587571314714,63.83092792712234,64.49484252929688,24306565,64.49484252929688
2025-01-03,64.58969227648383,64.7793873486262,64.02062153231094,64.30516052246094,18132652,64.30516052246094
2025-01-06,64.77938191720948,65.63298434383512,64.58968686097207,65.25360870361328,27528633,65.25360870361328
2025-01-07,65.53813934326172,65.63298325173903,64.77938083931686,65.53813934326172,23548626,65.53813934326172
2025-01-08,65.25360870361328,65.82267940007254,65.06391364737586,65.25360870361328,24392294,65.25360870361328
2025-01-09,65.06391252359178,65.72783435476575,64.77938079833984,64.77938079833984,11260509,64.77938079833984
2025-01-10,64.02061761883895,64.11546153104894,61.36494466019941,61.744327545166016,79078935,61.744327545166016
2025-01-13,61.64948616857255,62.313400817475625,60.32164963463944,60.89072036743164,36934824,60.89072036743164
2025-01-14,61.175257034884154,62.31339845736156,61.175257034884154,62.12371063232422,22041903,62.12371063232422
2025-01-15,62.12371022544095,62.40824919726004,61.27010054611033,61.36494445800781,20181926,61.36494445800781
2025-01-16,62.21855454484289,62.50309351852558,61.93402280728688,62.12371063232422,14008135,62.12371063232422
2025-01-17,62.40824960600691,62.69278134356292,61.55463992108552,62.12371063232422,12841817,62.12371063232422
2025-01-20,62.31339825455258,62.503093315099214,61.64948363295603,61.744327545166016,9452883,61.744327545166016
2025-01-21,61.93402300641407,62.78762545795324,61.74432794464015,62.50309371948242,10512224,62.50309371948242
2025-01-22,63.07216573145674,63.83093152192501,62.977321816679925,63.35670471191406,26391399,63.35670471191406
2025-02-03,61.74432883758687,62.882477516310196,61.554641009196395,62.597938537597656,22126880,62.597938537597656
2025-02-04,63.072164948453604,63.35670392537854,61.74432844968186,61.83917236328125,15388000,61.83917236328125
2025-02-05,62.503095711664564,63.26185427456429,62.313400643844425,63.072166442871094,15759429,63.072166442871094
2025-02-06,63.356705613902214,63.4515495300293,62.882478797139854,63.4515495300293,9897240,63.4515495300293
2025-02-07,63.167010545521094,63.73608127841053,62.977322713266936,63.4515495300293,10923854,63.4515495300293
2025-02-10,63.261851763775674,64.49484432922625,63.16700785169332,63.92577362060547,16377780,63.92577362060547
2025-02-11,64.58968755415043,65.25360940391687,64.4948436430771,64.96907043457031,20866816,64.96907043457031
2025-02-12,65.06391615708691,65.3484551343553,64.68453326610462,65.15876007080078,10202913,65.15876007080078
2025-02-13,65.06391615708691,65.44329904806919,64.68453326610462,65.15876007080078,13377030,65.15876007080078
2025-02-14,65.15876007080078,65.44329904806919,64.87422832965916,65.15876007080078,10985387,65.15876007080078
2025-02-17,65.34845442715627,65.72783731403288,65.2536105144688,65.44329833984375,16292304,65.44329833984375
2025-02-18,65.15876116342591,65.63298797607422,65.15876116342591,65.63298797607422,8763605,65.63298797607422
2025-02-19,65.44329904806919,65.63298687549694,64.77938441594529,65.15876007080078,13330523,65.15876007080078
2025-02-20,65.15875755743131,65.4432965237242,64.77938191720948,65.25360870361328,13665208,65.25360870361328
2025-02-21,65.06391834956916,65.44330125333565,65.06391834956916,65.34845733642578,10572393,65.34845733642578
2025-02-24,64.87422832965916,65.15876007080078,64.87422832965916,65.15876007080078,8914341,65.15876007080078
2025-02-25,64.68453326610462,65.25361122064143,64.30515761124913,65.15876007080078,13356157,65.15876007080078
2025-02-26,64.96907333281736,65.7278391275054,64.7793855022088,65.63298797607422,15458463,65.63298797607422
2025-02-27,65.44330015922456,65.72783914132413,64.87422943115234,64.87422943115234,35778086,64.87422943115234
2025-03-03,65.15875755743131,65.34845261366874,64.4948429509166,65.25360870361328,21241927,65.25360870361328
2025-03-04,64.30515540684303,64.68453104869337,63.26185068337496,64.2103042602539,22150783,64.2103042602539
2025-03-05,64.40000042922689,64.96907113795444,64.40000042922689,64.68453216552734,12313204,64.68453216552734
2025-03-06,64.49484543867688,65.15876007080078,64.49484543867688,65.15876007080078,9201178,65.15876007080078
2025-03-07,64.77938238210449,64.8742262928406,63.73607765562756,63.830928802490234,22302843,63.830928802490234
2025-03-10,63.73607765562756,64.21030444543469,63.45154592341922,63.830928802490234,10298966,63.830928802490234
2025-03-11,62.59793763230603,62.977320519727165,61.45979620616933,62.50309371948242,33709866,62.50309371948242
2025-03-12,62.59793962751116,63.1670103587177,62.59793962751116,63.072166442871094,11828340,63.072166442871094
2025-03-13,63.3567034071483,63.45154731997191,62.50309371948242,62.50309371948242,7661325,62.50309371948242
2025-03-14,63.16700925889591,63.54639215180369,62.597938537597656,62.597938537597656,14062880,62.597938537597656
2025-03-17,62.40825070920718,62.78762636598814,61.554641009196395,62.597938537597656,21267901,62.597938537597656
2025-03-18,62.8824786111779,63.83093224189776,62.59793962751116,63.072166442871094,17177663,63.072166442871094
2025-03-19,62.882478438912614,63.07216627008616,61.934024810791016,61.934024810791016,16248437,61.934024810791016
2025-03-20,62.408249806658816,62.88247660690356,62.3133986577085,62.50309371948242,10061188,62.50309371948242
2025-03-21,62.2185543423426,62.503093315099214,61.744327545166016,61.744327545166016,19663149,61.744327545166016
2025-03-24,61.93402169562626,62.21855342807517,61.64948272705078,61.64948272705078,9927289,61.64948272705078
2025-03-25,62.02886560644256,62.31339733889148,61.64948272705078,61.64948272705078,11934883,61.64948272705078
2025-03-26,62.12370972534297,62.40824869487151,61.83917075581443,62.028865814208984,15073510,62.028865814208984
2025-03-27,61.74432974349054,61.934024810791016,61.27010292942974,61.934024810791016,15022289,61.934024810791016
2025-03-28,61.64948433637619,61.74432824966834,60.70103073120117,60.70103073120117,20054064,60.70103073120117
2025-03-31,59.56288486545232,59.75257630750149,57.9505130351293,58.04536056518555,32601854,58.04536056518555
2025-04-01,58.32989592564313,58.898966633789925,58.045360571569724,58.424739837646484,25979079,58.424739837646484
2025-04-02,58.424739837646484,59.08865807585997,58.424739837646484,58.424739837646484,21366759,58.424739837646484
2025-04-07,52.63917541503906,52.63917541503906,52.63917541503906,52.63917541503906,9339145,52.63917541503906
2025-04-08,50.07835132712207,51.97525860177112,49.50928059195275,51.31134033203125,84413483,51.31134033203125
2025-04-09,50.74226629854453,51.785563784560324,46.94845199584961,46.94845199584961,67600496,46.94845199584961
2025-04-10,51.59587860107422,51.59587860107422,51.21649570418818,51.59587860107422,20144368,51.59587860107422
2025-04-11,49.79381332828461,51.59587659120023,49.79381332828461,51.406185150146484,55592542,51.406185150146484
2025-04-14,51.595875694645024,52.82886461297439,51.50102816673461,51.69071960449219,39368302,51.69071960449219
2025-04-15,51.975258239835966,53.30309477006917,51.7855667900793,53.1134033203125,23705441,53.1134033203125
2025-04-16,52.25979323713313,52.63917613397273,51.69072250993718,51.975257873535156,22269928,51.975257873535156
2025-04-17,51.69072141089724,51.69072141089724,50.837111720189185,51.12165069580078,24874782,51.12165069580078
2025-04-18,50.83711242675781,51.21649532080395,50.45773315077509,50.83711242675781,26241533,50.83711242675781
2025-04-21,51.02680496444659,51.4061878666018,50.55257814578433,51.31134033203125,16911194,51.31134033203125
2025-04-22,50.3628863439995,50.74226924351284,49.319588797433035,49.79381561279297,31953772,49.79381561279297
2025-04-23,50.83711242675781,50.83711242675781,50.07835025672895,50.83711242675781,26448029,50.83711242675781
2025-04-24,50.93195905228756,51.026802965078375,50.173196895771,50.74226760864258,23118104,50.74226760864258
2025-04-25,51.2164964155242,51.97525860177112,51.02680496444659,51.31134033203125,26733950,51.31134033203125
2025-04-28,51.975255863692,52.164947304776575,51.50102907001221,51.78556442260742,13700391,51.78556442260742
2025-04-29,51.785563943978744,52.82886505126953,51.50102859401335,52.82886505126953,29605110,52.82886505126953
2025-04-30,55.3896913051647,56.338144898622566,54.72577306613153,55.484535217285156,70499043,55.484535217285156
2025-05-02,55.48453721906493,55.86392011736085,55.105154320769024,55.67422866821289,38292253,55.67422866821289
2025-05-05,52.25979232759328,52.54433130430253,50.55257655765471,51.88041305541992,95368983,51.88041305541992
2025-05-06,51.12165127303906,53.30309386295831,50.8371122942146,53.018558502197266,64400064,53.018558502197266
2025-05-07,52.82886615731761,53.30309295654297,51.975256471486624,53.30309295654297,45137412,53.30309295654297
2025-05-08,52.25979342710695,53.303094588176705,52.25979342710695,52.35464096069336,52583859,52.35464096069336
2025-05-09,51.785566613365276,52.63917632532567,51.40618733321001,52.35464096069336,55895645,52.35464096069336
2025-05-12,52.164946834270374,53.30309185244893,52.164946834270374,53.20824432373047,38040502,53.20824432373047
2025-05-13,54.34639196302648,55.38969312086809,53.96701268404507,54.91546630859375,54663954,54.91546630859375
2025-05-14,55.57937823238812,56.243296460706055,55.38969041120866,55.76906967163086,38045887,55.76906967163086
2025-05-15,56.24329668030657,56.81237100025671,55.8639174184031,56.52783203125,43348358,56.52783203125
2025-05-16,56.81237392734537,59.75257873535156,56.527834943678634,59.75257873535156,74886943,59.75257873535156
2025-05-19,58.32989662737886,59.08865878672396,57.28659911053727,57.38144302368164,50035510,57.38144302368164
2025-05-20,57.66597679163125,58.993813247431255,57.66597679163125,58.32989501953125,35187628,58.32989501953125
2025-05-21,58.5195870914826,60.701029619832674,58.424739561863625,60.226802825927734,67276671,60.226802825927734
2025-05-22,58.993815343044865,62.6927822560619,58.80412389718321,62.21855545043945,98102551,62.21855545043945
2025-05-23,61.64948562550006,63.736080706066225,61.64948562550006,62.31340026855469,69220745,62.31340026855469
2025-05-26,62.02886889630463,63.072166442871094,59.75257873535156,59.75257873535156,99601144,59.75257873535156
2025-05-27,59.373195656033374,61.27010291172854,58.42474202818579,58.99381637573242,140946039,58.99381637573242
2025-05-28,59.37319342340314,59.75257630750149,58.04536056518555,58.04536056518555,134231696,58.04536056518555
2025-05-29,58.42474126643165,59.18350705326754,56.717525482177734,56.717525482177734,210093481,56.717525482177734
2025-06-02,56.62267996985376,57.760824999923535,55.769070292785614,57.286598205566406,149784569,57.286598205566406
2025-06-03,57.002059372778156,60.60618591308594,56.90721546090198,60.60618591308594,175849378,60.60618591308594
2025-06-04,59.75257624737068,64.21030523169213,58.614431214284295,61.36494445800781,276557834,61.36494445800781
2025-06-05,60.985571167203126,63.736080899156676,60.985571167203126,62.69278335571289,169990897,62.69278335571289
2025-06-06,61.554640314512326,64.02061823639247,61.459796401387464,62.882476806640625,194544529,62.882476806640625
2025-06-09,63.07216286244979,64.30515540684303,63.07216286244979,64.2103042602539,165372356,64.2103042602539
2025-06-10,64.21030678729717,64.40000185181447,62.597938537597656,62.597938537597656,126958023,62.597938537597656
2025-06-11,62.97732218016033,64.87422943115234,60.795875947068744,64.87422943115234,186969872,64.87422943115234
2025-06-12,63.641233971164,64.96907043457031,63.07216326859746,64.96907043457031,146977203,64.96907043457031
2025-06-13,64.0206179411515,65.91752513940783,63.64123505427489,65.44329833984375,133217588,65.44329833984375
2025-06-16,65.15875802504895,65.91752378319097,63.641233744891444,63.830928802490234,61016699,63.830928802490234
2025-06-17,63.830931857468514,64.68453433107392,62.31340026855469,62.31340026855469,67972090,62.31340026855469
2025-06-18,62.882475222875975,63.925772713226344,62.313397286206175,63.830928802490234,59602690,63.830928802490234
2025-06-19,63.07216332874878,63.451546209530484,62.218553656021605,62.78762435913086,43094453,62.78762435913086
2025-06-20,62.78762616996103,62.882477319986954,61.93402370874207,62.21855545043945,42370749,62.21855545043945
2025-06-23,61.64948403181654,62.50309371948242,61.36494505721901,62.50309371948242,31718301,62.50309371948242
2025-06-24,62.78762745920436,63.26185427456429,62.313400643844425,63.072166442871094,34402132,63.072166442871094
2025-06-25,63.45154934238443,63.54639325823103,62.78762745920436,63.072166442871094,38576800,63.072166442871094
2025-06-26,62.97732052590557,63.356703413363924,62.78762546411303,63.2618522644043,41927490,63.2618522644043
2025-06-27,63.07216502548544,64.4000015258789,62.59793822078254,64.4000015258789,84433352,64.4000015258789
2025-06-30,63.79999923706055,63.79999923706055,62.5,62.79999923706055,58096172,62.79999923706055
2025-07-01,62.79999923706055,64.69999694824219,62.79999923706055,63.400001525878906,42222231,63.400001525878906
2025-07-02,63.400001525878906,63.70000076293945,62.599998474121094,62.599998474121094,25575977,62.599998474121094
2025-07-03,62.70000076293945,63.20000076293945,62.599998474121094,62.70000076293945,23304415,62.70000076293945
2025-07-04,63.0,63.0,61.5,61.5,22756608,61.5
2025-07-07,61.900001525878906,62.29999923706055,61.5,61.79999923706055,26239515,61.79999923706055
2025-07-08,61.70000076293945,62.20000076293945,61.20000076293945,61.599998474121094,18648777,61.599998474121094
2025-07-09,61.20000076293945,62.0,61.099998474121094,61.099998474121094,17134414,61.099998474121094
2025-07-10,60.900001525878906,62.900001525878906,60.79999923706055,62.70000076293945,26695923,62.70000076293945
2025-07-11,62.599998474121094,63.79999923706055,62.400001525878906,62.5,20567067,62.5
2025-07-14,63.0,63.70000076293945,62.79999923706055,63.20000076293945,28794836,63.20000076293945
2025-07-15,63.099998474121094,63.400001525878906,62.70000076293945,63.099998474121094,16759222,63.099998474121094
2025-07-16,62.599998474121094,63.70000076293945,62.599998474121094,63.5,28809256,63.5
2025-07-17,63.599998474121094,64.0,63.099998474121094,63.099998474121094,29461954,63.099998474121094
2025-07-18,63.0,63.5,62.5,62.599998474121094,20613253,62.599998474121094
2025-07-21,62.70000076293945,63.099998474121094,62.20000076293945,62.29999923706055,20142877,62.29999923706055
2025-07-22,62.70000076293945,62.900001525878906,61.5,61.70000076293945,22811435,61.70000076293945
2025-07-23,62.29999923706055,62.79999923706055,61.900001525878906,62.70000076293945,22781398,62.70000076293945
2025-07-24,62.70000076293945,62.900001525878906,62.099998474121094,62.599998474121094,13566107,62.599998474121094
2025-07-25,62.20000076293945,62.79999923706055,62.099998474121094,62.599998474121094,13430671,62.599998474121094
2025-07-28,62.599998474121094,62.900001525878906,61.79999923706055,61.900001525878906,17872370,61.900001525878906
2025-07-29,61.900001525878906,62.099998474121094,61.29999923706055,61.29999923706055,14650021,61.29999923706055
2025-07-30,61.599998474121094,62.20000076293945,61.400001525878906,61.5,12836092,61.5
2025-07-31,61.29999923706055,61.400001525878906,60.900001525878906,60.900001525878906,17930528,60.900001525878906
2025-08-04,60.79999923706055,62.5,60.599998474121094,62.5,26126663,62.5
2025-08-05,62.20000076293945,62.900001525878906,62.0,62.79999923706055,17283090,62.79999923706055
2025-08-06,62.70000076293945,63.0,62.400001525878906,62.70000076293945,18457373,62.70000076293945
2025-08-07,62.79999923706055,63.400001525878906,62.70000076293945,62.900001525878906,16564030,62.900001525878906
2025-08-08,62.79999923706055,63.29999923706055,62.79999923706055,63.20000076293945,10368497,63.20000076293945
2025-08-11,62.900001525878906,64.0,62.900001525878906,63.900001525878906,16382581,63.900001525878906
2025-08-12,64.0999984741211,64.30000305175781,63.599998474121094,63.599998474121094,16208571,63.599998474121094
2025-08-13,63.900001525878906,64.30000305175781,63.599998474121094,63.70000076293945,15368317,63.70000076293945
2025-08-14,63.70000076293945,64.80000305175781,63.70000076293945,64.5999984741211,27447688,64.5999984741211
2025-08-15,64.5999984741211,64.69999694824219,64.0,64.69999694824219,13372024,64.69999694824219
2025-08-18,64.19999694824219,64.5,63.79999923706055,64.4000015258789,22487462,64.4000015258789
2025-08-19,64.0999984741211,64.69999694824219,64.0,64.19999694824219,15500507,64.19999694824219
2025-08-20,64.30000305175781,64.5999984741211,63.0,63.099998474121094,20192207,63.099998474121094
2025-08-21,63.599998474121094,64.5,63.5,64.5,18114412,64.5
2025-08-22,64.0999984741211,64.30000305175781,63.5,63.79999923706055,14471796,63.79999923706055
2025-08-25,64.0999984741211,64.5999984741211,64.0,64.5999984741211,11865865,64.5999984741211
2025-08-26,64.19999694824219,64.5,63.400001525878906,63.400001525878906,27837469,63.400001525878906
2025-08-27,63.400001525878906,63.599998474121094,62.599998474121094,62.599998474121094,19417165,62.599998474121094
2025-08-28,63.0,63.0,62.29999923706055,62.29999923706055,15592358,62.29999923706055
2025-08-29,62.29999923706055,62.599998474121094,61.5,61.5,18322296,61.5
2025-09-01,61.900001525878906,62.599998474121094,61.79999923706055,62.599998474121094,15282127,62.599998474121094
2025-09-02,62.599998474121094,63.5,62.5,63.5,18351078,63.5
2025-09-03,63.5,63.599998474121094,62.900001525878906,63.5,9222113,63.5
2025-09-04,63.599998474121094,64.19999694824219,63.5,64.0999984741211,15063476,64.0999984741211
2025-09-05,64.0999984741211,64.5999984741211,63.79999923706055,64.5999984741211,19432589,64.5999984741211
2025-09-08,64.5,64.5,63.79999923706055,63.79999923706055,15273818,63.79999923706055
2025-09-09,64.0,64.30000305175781,63.70000076293945,64.0999984741211,14966579,64.0999984741211
2025-09-10,63.900001525878906,64.9000015258789,63.900001525878906,64.9000015258789,22694241,64.9000015258789
2025-09-11,64.9000015258789,65.30000305175781,64.19999694824219,64.4000015258789,18523916,64.4000015258789
2025-09-12,64.5,65.80000305175781,64.5,65.5,26625699,65.5
2025-09-15,65.19999694824219,66.5,65.19999694824219,65.4000015258789,22702020,65.4000015258789
2025-09-16,65.80000305175781,66.19999694824219,65.19999694824219,66.0999984741211,26173648,66.0999984741211
2025-09-17,65.5999984741211,65.69999694824219,64.69999694824219,65.69999694824219,24040590,65.69999694824219
2025-09-18,65.5999984741211,65.5999984741211,64.5,65.0,15282654,65.0
2025-09-19,65.0,65.5,64.5999984741211,65.5,22563630,65.5
2025-09-22,65.4000015258789,66.0999984741211,65.30000305175781,66.0,15296636,66.0
2025-09-23,65.9000015258789,66.30000305175781,65.69999694824219,66.19999694824219,11713911,66.19999694824219
2025-09-24,66.19999694824219,67.0,65.5999984741211,66.0,14641979,66.0
2025-09-25,66.0,66.19999694824219,65.5999984741211,65.69999694824219,11982347,65.69999694824219
2025-09-26,65.5,65.5999984741211,64.80000305175781,65.0999984741211,10461280,65.0999984741211
2025-09-30,65.5999984741211,65.5999984741211,64.80000305175781,65.5999984741211,20627813,65.5999984741211
2025-10-01,65.19999694824219,66.30000305175781,65.19999694824219,65.30000305175781,15902872,65.30000305175781
2025-10-02,65.4000015258789,66.0,65.0,65.0,14445489,65.0
2025-10-03,65.69999694824219,66.0,65.0,65.0,8779000,65.0
2025-10-07,65.0,66.0,64.69999694824219,65.19999694824219,16211743,65.19999694824219
2025-10-08,65.4000015258789,65.9000015258789,65.30000305175781,65.30000305175781,13282302,65.30000305175781
2025-10-09,65.69999694824219,66.5999984741211,65.5999984741211,66.4000015258789,25972942,66.4000015258789
2025-10-13,66.30000305175781,66.30000305175781,65.0999984741211,65.30000305175781,19110126,65.30000305175781
2025-10-14,65.4000015258789,66.9000015258789,65.4000015258789,65.5,25539114,65.5
2025-10-15,65.80000305175781,66.4000015258789,65.4000015258789,66.4000015258789,27746495,66.4000015258789
2025-10-16,66.19999694824219,67.0999984741211,65.80000305175781,65.80000305175781,23579253,65.80000305175781
2025-10-17,65.80000305175781,66.0999984741211,65.0999984741211,65.19999694824219,15123134,65.19999694824219
2025-10-20,65.5999984741211,66.0999984741211,65.0999984741211,65.30000305175781,8352997,65.30000305175781
2025-10-21,65.80000305175781,66.69999694824219,65.5999984741211,65.69999694824219,18396940,65.69999694824219
2025-10-22,65.9000015258789,66.19999694824219,65.5999984741211,65.69999694824219,13493531,65.69999694824219
2025-10-23,65.5999984741211,65.69999694824219,65.0999984741211,65.69999694824219,16916394,65.69999694824219
2025-10-27,66.5,66.5,65.5999984741211,65.69999694824219,17268046,65.69999694824219
2025-10-28,66.0999984741211,66.0999984741211,64.5999984741211,64.80000305175781,18582099,64.80000305175781
2025-10-29,65.19999694824219,65.4000015258789,64.80000305175781,64.80000305175781,11855204,64.80000305175781
2025-10-30,64.80000305175781,65.0999984741211,64.0999984741211,64.5999984741211,18310747,64.5999984741211
2025-10-31,65.19999694824219,65.19999694824219,64.0,64.0,17218882,64.0
2025-11-03,63.79999923706055,64.4000015258789,63.5,63.900001525878906,13598341,63.900001525878906
2025-11-04,64.0,64.80000305175781,64.0,64.5999984741211,12238409,64.5999984741211
2025-11-05,64.0999984741211,64.4000015258789,63.599998474121094,64.0999984741211,16292975,64.0999984741211
2025-11-06,64.5999984741211,65.0999984741211,64.0,64.69999694824219,15378557,64.69999694824219
2025-11-07,64.30000305175781,64.5999984741211,63.5,63.5,14897942,63.5
2025-11-10,63.599998474121094,64.4000015258789,63.599998474121094,63.79999923706055,14091189,63.79999923706055
2025-11-11,64.80000305175781,65.69999694824219,64.5,64.80000305175781,34181909,64.80000305175781
2025-11-12,65.30000305175781,65.9000015258789,64.9000015258789,64.9000015258789,27636636,64.9000015258789
2025-11-13,65.0,66.0,64.9000015258789,65.9000015258789,30904584,65.9000015258789
2025-11-14,65.69999694824219,66.5,65.19999694824219,66.0,35787774,66.0
2025-11-17,65.80000305175781,66.0,65.0,65.30000305175781,28342797,65.30000305175781
2025-11-18,64.80000305175781,65.0,64.4000015258789,64.80000305175781,27400025,64.80000305175781
2025-11-19,65.19999694824219,65.30000305175781,64.19999694824219,64.19999694824219,21462645,64.19999694824219
2025-11-20,64.9000015258789,64.9000015258789,64.19999694824219,64.69999694824219,24362968,64.69999694824219
2025-11-21,64.4000015258789,64.4000015258789,63.599998474121094,63.599998474121094,24742145,63.599998474121094
2025-11-24,63.79999923706055,65.5,63.79999923706055,65.5,34836154,65.5
2025-11-25,65.5,66.0,65.0,65.0999984741211,20977444,65.0999984741211
2025-11-26,65.5,66.0,65.30000305175781,65.80000305175781,18552338,65.80000305175781
2025-11-27,65.19999694824219,65.80000305175781,64.80000305175781,65.80000305175781,27479730,65.80000305175781
2025-11-28,65.19999694824219,65.5,64.19999694824219,64.19999694824219,29237036,64.19999694824219
2025-12-01,64.0999984741211,65.19999694824219,64.0999984741211,64.80000305175781,22445838,64.80000305175781
2025-12-02,65.19999694824219,66.5999984741211,65.19999694824219,66.5999984741211,41243005,66.5999984741211
2025-12-03,66.69999694824219,67.5999984741211,66.19999694824219,67.5999984741211,34055361,67.5999984741211
2025-12-04,67.5,69.19999694824219,67.4000015258789,69.0,38707144,69.0
2025-12-05,68.5,68.69999694824219,67.80000305175781,68.69999694824219,17806807,68.69999694824219
2025-12-08,68.30000305175781,69.0,67.80000305175781,69.0,16708158,69.0
2025-12-09,68.5,69.19999694824219,68.5,69.19999694824219,18450634,69.19999694824219
2025-12-10,69.0999984741211,69.30000305175781,68.0,68.5,17923501,68.5
2025-12-11,69.19999694824219,69.69999694824219,68.5,69.19999694824219,27376078,69.19999694824219
2025-12-12,69.69999694824219,70.4000015258789,69.5,70.0999984741211,34117672,70.0999984741211
2025-12-15,69.30000305175781,70.5999984741211,69.19999694824219,70.0999984741211,28704428,70.0999984741211
2025-12-16,69.69999694824219,70.19999694824219,69.19999694824219,70.19999694824219,72835524,70.19999694824219
2025-12-17,70.19999694824219,73.5,70.0999984741211,73.19999694824219,76687387,73.19999694824219
2025-12-18,73.69999694824219,74.80000305175781,72.5999984741211,74.4000015258789,54993389,74.4000015258789
2025-12-19,74.5999984741211,75.5,73.9000015258789,75.5,51669442,75.5
2025-12-22,75.80000305175781,76.69999694824219,75.5999984741211,76.5,45489213,76.5
2025-12-23,76.80000305175781,76.80000305175781,74.69999694824219,76.69999694824219,39539191,76.69999694824219
2025-12-24,77.0,77.30000305175781,75.0999984741211,75.9000015258789,43705849,75.9000015258789
2025-12-26,75.9000015258789,75.9000015258789,74.30000305175781,74.80000305175781,34727588,74.80000305175781
2025-12-29,74.69999694824219,76.19999694824219,74.19999694824219,76.0,14334350,76.0
2025-12-30,75.5,76.5,75.0999984741211,76.19999694824219,27395108,76.19999694824219
2025-12-31,75.69999694824219,76.19999694824219,75.0,75.80000305175781,37258631,75.80000305175781
2026-01-02,75.4000015258789,76.0,74.80000305175781,75.19999694824219,25677629,75.19999694824219
2026-01-05,75.0,76.5,74.5,76.5,24877174,76.5
2026-01-06,76.0999984741211,76.5999984741211,75.69999694824219,76.0,15671043,76.0
2026-01-07,76.5,76.5,74.9000015258789,75.5999984741211,16372520,75.5999984741211
2026-01-08,75.5999984741211,76.5999984741211,75.30000305175781,76.4000015258789,15645173,76.4000015258789
2026-01-09,76.5,76.5999984741211,75.19999694824219,75.9000015258789,14951473,75.9000015258789
2026-01-12,76.4000015258789,76.4000015258789,75.30000305175781,76.0999984741211,18236518,76.0999984741211
2026-01-13,76.19999694824219,77.5,74.80000305175781,77.4000015258789,30273340,77.4000015258789
2026-01-14,77.5,77.5,74.69999694824219,74.69999694824219,37155688,74.69999694824219
2026-01-15,74.9000015258789,75.9000015258789,74.80000305175781,75.19999694824219,19373059,75.19999694824219
2026-01-16,75.5999984741211,76.80000305175781,75.4000015258789,76.19999694824219,23074947,76.19999694824219
2026-01-19,76.19999694824219,78.4000015258789,76.0999984741211,77.4000015258789,26557522,77.4000015258789
2026-01-20,76.9000015258789,77.9000015258789,76.19999694824219,76.5999984741211,18532605,76.5999984741211
2026-01-21,76.5999984741211,77.0999984741211,75.30000305175781,75.69999694824219,21720632,75.69999694824219
2026-01-22,76.0,77.19999694824219,75.30000305175781,75.5999984741211,23087092,75.5999984741211
2026-01-23,75.9000015258789,76.69999694824219,75.5999984741211,76.5999984741211,24142225,76.5999984741211
2026-01-26,76.5999984741211,77.5999984741211,76.4000015258789,77.0999984741211,18575389,77.0999984741211
2026-01-27,77.0,77.19999694824219,75.4000015258789,75.9000015258789,28311761,75.9000015258789
2026-01-28,76.0999984741211,76.30000305175781,75.19999694824219,75.80000305175781,16667426,75.80000305175781
2026-01-29,75.4000015258789,76.5,75.19999694824219,76.4000015258789,17778678,76.4000015258789
2026-01-30,76.0999984741211,76.4000015258789,75.0999984741211,75.4000015258789,20281913,75.4000015258789
2026-02-02,75.69999694824219,75.69999694824219,73.0999984741211,74.30000305175781,28898351,74.30000305175781
2026-02-03,74.9000015258789,75.5,74.69999694824219,74.69999694824219,14012635,74.69999694824219
2026-02-04,75.0,76.5,75.0,76.19999694824219,17910621,76.19999694824219
2026-02-05,75.80000305175781,76.19999694824219,75.4000015258789,76.0,11206654,76.0
2026-02-06,75.9000015258789,76.0,74.30000305175781,75.69999694824219,17967470,75.69999694824219
2026-02-09,76.19999694824219,77.80000305175781,76.0999984741211,77.19999694824219,25114277,77.19999694824219
2026-02-10,77.5,78.19999694824219,77.0,77.9000015258789,17709684,77.9000015258789
2026-02-11,78.4000015258789,79.0999984741211,77.69999694824219,78.80000305175781,29213163,78.80000305175781
2026-02-23,81.4000015258789,81.5999984741211,79.30000305175781,79.5999984741211,45166656,79.5999984741211
2026-02-24,79.19999694824219,80.4000015258789,78.19999694824219,78.19999694824219,25323530,78.19999694824219
2026-02-25,78.19999694824219,78.30000305175781,76.9000015258789,76.9000015258789,33594522,76.9000015258789
2026-02-26,77.0,80.19999694824219,77.0,79.69999694824219,67154865,79.69999694824219
2026-03-02,79.4000015258789,79.4000015258789,77.30000305175781,77.9000015258789,24711169,77.9000015258789
2026-03-03,77.30000305175781,78.30000305175781,77.0999984741211,77.5999984741211,22150573,77.5999984741211
2026-03-04,76.5,76.5999984741211,72.80000305175781,73.19999694824219,57067965,73.19999694824219
2026-03-05,74.30000305175781,74.69999694824219,72.69999694824219,73.5999984741211,32150672,73.5999984741211
2026-03-06,73.0,73.5,72.5999984741211,73.0,21677181,73.0
2026-03-09,68.30000305175781,70.0,67.30000305175781,70.0,42252605,70.0
2026-03-10,71.5999984741211,72.0,70.5,71.0999984741211,18047880,71.0999984741211
2026-03-11,71.19999694824219,72.80000305175781,71.19999694824219,71.80000305175781,10251491,71.80000305175781
2026-03-12,72.5999984741211,73.0999984741211,71.9000015258789,72.5,20179932,72.5
2026-03-13,71.5999984741211,72.4000015258789,71.30000305175781,71.69999694824219,19590578,71.69999694824219
2026-03-16,72.19999694824219,72.9000015258789,71.5,72.4000015258789,29914846,72.4000015258789
2026-03-17,72.5,73.4000015258789,72.4000015258789,73.19999694824219,18121751,73.19999694824219
2026-03-18,74.19999694824219,74.30000305175781,72.80000305175781,73.4000015258789,15804364,73.4000015258789
2026-03-19,73.0,73.0,71.19999694824219,71.5999984741211,26333362,71.5999984741211
2026-03-20,71.30000305175781,72.69999694824219,71.30000305175781,72.0,24877113,72.0
2026-03-23,70.0999984741211,72.30000305175781,69.5999984741211,71.69999694824219,29422850,71.69999694824219
2026-03-24,71.80000305175781,72.0,70.80000305175781,70.80000305175781,23196770,70.80000305175781
2026-03-25,72.4000015258789,72.4000015258789,70.9000015258789,71.4000015258789,21219807,71.4000015258789
2026-03-26,71.4000015258789,71.80000305175781,70.69999694824219,70.80000305175781,13700275,70.80000305175781
2026-03-27,70.4000015258789,70.69999694824219,69.5,70.5999984741211,23980150,70.5999984741211
2026-03-30,69.0999984741211,70.9000015258789,69.0999984741211,70.4000015258789,26828104,70.4000015258789
2026-03-31,69.80000305175781,71.4000015258789,69.5999984741211,70.30000305175781,28747381,70.30000305175781
2026-04-01,71.5999984741211,72.0,71.0999984741211,71.9000015258789,22215404,71.9000015258789
2026-04-02,72.0999984741211,72.30000305175781,71.0999984741211,71.80000305175781,10928195,71.80000305175781
